รหัสรถ,ประเภทขนส่ง,รุ่นรถ,ประจำคลังโยกฟลีต,เบอร์รถ,ประเภทรถ
Oil148,Oil,FVZ 240,รถสำรอง Fleet SR,148,สิบล้อ
Oil149,Oil,FVZ 240,รถสำรอง Fleet NK,149,สิบล้อ
Oil150,Oil,FVZ 240,รถสำรอง Fleet NK,150,สิบล้อ
Oil151,Oil,FVZ 240,รถสำรอง Fleet NK,151,สิบล้อ
Oil164,Oil,FVZ 240,รถสำรอง Fleet SR,164,สิบล้อ
Oil165,Oil,FVM 240,รถสำรอง Fleet NK,165,สิบล้อ
Oil166,Oil,FVM 240,รถสำรอง Fleet NK,166,สิบล้อ
Oil167,Oil,FVM 240,รถสำรอง Fleet NK,167,สิบล้อ
Oil168,Oil,FVM 240,รถสำรอง Fleet NK,168,สิบล้อ
Oil169,Oil,FVZ 240,คลัง พิษณุโลก,169,สิบล้อ
Oil197,Oil,FVZ 240,คลัง ลำปาง,197,สิบล้อ
Oil198,Oil,FVZ 240,คลัง ลำปาง,198,สิบล้อ
Oil199,Oil,FVM 240,คลัง แม่กลอง,199,สิบล้อ
Oil200,Oil,FVM 240,คลัง ฟลีตสุราษฎ์ธานี,200,สิบล้อ
Oil201,Oil,FVM 240,คลัง ฟลีตสุราษฎ์ธานี,201,สิบล้อ
Oil202,Oil,FVM 240,คลัง ฟลีตสุราษฎ์ธานี,202,สิบล้อ
Oil203,Oil,FVM 240,รถสำรอง Fleet SR,203,สิบล้อ
Oil244,Oil,FVM 240,คลัง แม่กลอง,244,สิบล้อ
Oil245,Oil,FVM 240,รถสำรอง Fleet SR,245,สิบล้อ
Oil246,Oil,FVM 240,คลัง ฟลีตสุราษฎ์ธานี,246,สิบล้อ
Oil247,Oil,FVM 240,รถสำรอง Fleet NK,247,สิบล้อ
Oil248,Oil,FVM 240,รถสำรอง Fleet SR,248,สิบล้อ
Oil249,Oil,FVM 240,คลัง หนองแค,249,สิบล้อ
Oil250,Oil,FVM 240,คลัง แม่กลอง,250,สิบล้อ
Oil251,Oil,FVM 240,คลัง แม่กลอง,251,สิบล้อ
Oil252,Oil,FVM 240,คลัง ลำปาง,252,สิบล้อ
Oil253,Oil,FVM 240,คลัง ศรีราชา,253,สิบล้อ
Oil254,Oil,FVM 240,คลัง แม่กลอง,254,สิบล้อ
Oil255,Oil,FVM 240,คลัง ลำปาง,255,สิบล้อ
Oil256,Oil,FVM 240,คลัง หนองแค,256,สิบล้อ
Oil257,Oil,FVM 240,คลัง หนองแค,257,สิบล้อ
Oil258,Oil,FVM 240,รถสำรอง Fleet SR,258,สิบล้อ
Oil259,Oil,FVM 240,คลัง แม่กลอง,259,สิบล้อ
Oil260,Oil,FVM 240,รถสำรอง Fleet SR,260,สิบล้อ
Oil261,Oil,FVM 240,คลัง ฟลีตสุราษฎ์ธานี,261,สิบล้อ
Oil262,Oil,FVZ 240,คลัง ลำปาง,262,สิบล้อ
Oil263,Oil,FVZ 240,คลัง ลำปาง,263,สิบล้อ
Oil284,Oil,FVM 240,คลัง หนองแค,284,สิบล้อ
Oil285,Oil,FVM 240,รถสำรอง Fleet SR,285,สิบล้อ
Oil286,Oil,FVM 240,คลัง ขอนแก่น,286,สิบล้อ
Oil287,Oil,FVM 240,คลัง ลำปาง,287,สิบล้อ
Oil288,Oil,FVM 240,คลัง แม่กลอง,288,สิบล้อ
Oil289,Oil,FVM 240,คลัง ลำปาง,289,สิบล้อ
Oil290,Oil,FVM 240,คลัง ศรีราชา,290,สิบล้อ
Oil291,Oil,FVM 240,คลัง ฟลีตสุราษฎ์ธานี,291,สิบล้อ
Oil292,Oil,FVM 240,รถสำรอง Fleet SR,292,สิบล้อ
Oil293,Oil,FVM 240,คลัง ฟลีตสุราษฎ์ธานี,293,สิบล้อ
Oil294,Oil,FVM 240,คลัง ศรีราชา,294,สิบล้อ
Oil295,Oil,FVM 240,รถสำรอง Fleet SR,295,สิบล้อ
Oil296,Oil,FVM 240,คลัง แม่กลอง,296,สิบล้อ
Oil297,Oil,FVM 240,คลัง หนองแค,297,สิบล้อ
Oil298,Oil,FVM 240,คลัง แม่กลอง,298,สิบล้อ
Oil299,Oil,FVM 240,รถสำรอง Fleet SR,299,สิบล้อ
Oil300,Oil,FVM 240,คลัง ศรีราชา,300,สิบล้อ
Oil301,Oil,FVM 240,คลัง แม่กลอง,301,สิบล้อ
Oil302,Oil,FVM 240,คลัง ฟลีตสุราษฎ์ธานี,302,สิบล้อ
Oil303,Oil,FVM 240,คลัง ฟลีตสุราษฎ์ธานี,303,สิบล้อ
Oil304,Oil,FVM 240,คลัง หนองแค,304,สิบล้อ
Oil305,Oil,FVM 240,คลัง ขอนแก่น,305,สิบล้อ
Oil306,Oil,FVM 240,คลัง ศรีราชา,306,สิบล้อ
Oil307,Oil,FVM 240,คลัง ศรีราชา,307,สิบล้อ
Oil308,Oil,FVM 240,คลัง ชุมพร,308,สิบล้อ
Oil309,Oil,FVM 240,คลัง ลำปาง,309,สิบล้อ
Oil310,Oil,FVM 240,คลัง ศรีราชา,310,สิบล้อ
Oil311,Oil,FVM 240,คลัง ศรีราชา,311,สิบล้อ
Oil312,Oil,FVM 240,คลัง แม่กลอง,312,สิบล้อ
Oil313,Oil,FVM 240,คลัง ศรีราชา,313,สิบล้อ
Oil314,Oil,FVM 240,คลัง แม่กลอง,314,สิบล้อ
Oil315,Oil,FVM 240,คลัง หนองแค,315,สิบล้อ
Oil316,Oil,FVM 240,คลัง ขอนแก่น,316,สิบล้อ
Oil317,Oil,FVM 240,รถสำรอง Fleet SR,317,สิบล้อ
Oil318,Oil,FVM 240,รถสำรอง Fleet SR,318,สิบล้อ
Oil319,Oil,FVM 240,คลัง ฟลีตสุราษฎ์ธานี,319,สิบล้อ
Oil320,Oil,FVM 240,คลัง ลำปาง,320,สิบล้อ
Oil321,Oil,FVM 240,คลัง หนองแค,321,สิบล้อ
Oil322,Oil,FVM 240,คลัง ศรีราชา,322,สิบล้อ
Oil323,Oil,FVM 240,รถสำรอง Fleet SR,323,สิบล้อ
Oil324,Oil,FVM 240,คลัง หนองแค,324,สิบล้อ
Oil325,Oil,FVM 240,คลัง ศรีราชา,325,สิบล้อ
Oil326,Oil,FVM 240,คลัง ศรีราชา,326,สิบล้อ
Oil327,Oil,FVM 240,คลัง ศรีราชา,327,สิบล้อ
Oil328,Oil,FVM 240,คลัง ศรีราชา,328,สิบล้อ
Oil329,Oil,FVM 240,คลัง ขอนแก่น,329,สิบล้อ
Oil405,Oil,FVM 240,คลัง ขอนแก่น,405,สิบล้อ
Oil406,Oil,FVM 240,คลัง พิษณุโลก,406,สิบล้อ
Oil407,Oil,FVM 240,คลัง ศรีราชา,407,สิบล้อ
Oil408,Oil,FVM 240,คลัง ฟลีตสุราษฎ์ธานี,408,สิบล้อ
Oil409,Oil,FVM 240,คลัง พิษณุโลก,409,สิบล้อ
Oil410,Oil,FVM 240,คลัง แม่กลอง,410,สิบล้อ
Oil411,Oil,FVM 240,คลัง แม่กลอง,411,สิบล้อ
Oil412,Oil,FVM 240,คลัง ศรีราชา,412,สิบล้อ
Oil413,Oil,FVM 240,รถสำรอง Fleet SR,413,สิบล้อ
Oil414,Oil,FVM 240,คลัง พิษณุโลก,414,สิบล้อ
Oil427,Oil,FVM 240,คลัง ขอนแก่น,427,สิบล้อ
Oil428,Oil,FVM 240,คลัง ชุมพร,428,สิบล้อ
Oil429,Oil,FVM 240,คลัง ปักธงชัย,429,สิบล้อ
Oil430,Oil,FVM 240,คลัง พิษณุโลก,430,สิบล้อ
Oil431,Oil,FVM 240,คลัง ขอนแก่น,431,สิบล้อ
Oil432,Oil,FVM 240,รถสำรอง Fleet SR,432,สิบล้อ
Oil433,Oil,FVM 240,คลัง นครสวรรค์,433,สิบล้อ
Oil434,Oil,FVM 240,คลัง นครสวรรค์,434,สิบล้อ
Oil435,Oil,FVM 240,รถสำรอง Fleet SR,435,สิบล้อ
Oil436,Oil,FVM 240,คลัง พิษณุโลก,436,สิบล้อ
Oil437,Oil,FVM 240,คลัง ลำปาง,437,สิบล้อ
Oil438,Oil,FVM 240,คลัง ลำปาง,438,สิบล้อ
Oil439,Oil,FVM 240,คลัง พิษณุโลก,439,สิบล้อ
Oil440,Oil,FVM 240,คลัง พิษณุโลก,440,สิบล้อ
Oil441,Oil,FVM 240,คลัง พิษณุโลก,441,สิบล้อ
Oil442,Oil,FVM 240,คลัง ศรีราชา,442,สิบล้อ
Oil443,Oil,FVM 240,คลัง ศรีราชา,443,สิบล้อ
Oil444,Oil,FVM 240,คลัง นครสวรรค์,444,สิบล้อ
Oil445,Oil,FVM 240,คลัง ศรีราชา,445,สิบล้อ
Oil446,Oil,FVM 240,รถสำรอง Fleet SR,446,สิบล้อ
Oil447,Oil,FVM 240,คลัง ลำปาง,447,สิบล้อ
Oil448,Oil,FVM 240,คลัง แม่กลอง,448,สิบล้อ
Oil449,Oil,FVZ 240,คลัง ลำปาง,449,สิบล้อ
Oil450,Oil,FVZ 240,คลัง ลำปาง,450,สิบล้อ
Oil451,Oil,FVZ 240,คลัง นครสวรรค์,451,สิบล้อ
Oil452,Oil,FVM 240,รถสำรอง Fleet SR,452,สิบล้อ
Oil453,Oil,FVM 240,คลัง ลำปาง,453,สิบล้อ
Oil454,Oil,FVM 240,คลัง ขอนแก่น,454,สิบล้อ
Oil455,Oil,FVM 240,คลัง ขอนแก่น,455,สิบล้อ
Oil456,Oil,FVM 240,คลัง ขอนแก่น,456,สิบล้อ
Oil457,Oil,FVM 240,คลัง ขอนแก่น,457,สิบล้อ
Oil458,Oil,FVM 240,คลัง สุรินทร์,458,สิบล้อ
Oil459,Oil,FVM 240,คลัง ปักธงชัย,459,สิบล้อ
Oil460,Oil,FVM 240,คลัง ปักธงชัย,460,สิบล้อ
Oil461,Oil,FVM 240,คลัง ชุมพร,461,สิบล้อ
Oil462,Oil,FVM 240,คลัง ชุมพร,462,สิบล้อ
Oil463,Oil,FVM 240,คลัง ลำปาง,463,สิบล้อ
Oil464,Oil,FVZ 240,คลัง ลำปาง,464,สิบล้อ
Oil465,Oil,FVM 240,คลัง ศรีราชา,465,สิบล้อ
Oil466,Oil,FVM 240,คลัง นครสวรรค์,466,สิบล้อ
Oil467,Oil,FVM 240,คลัง นครสวรรค์,467,สิบล้อ
Oil468,Oil,FVM 240,รถสำรอง Fleet SR,468,สิบล้อ
Oil469,Oil,FVM 240,คลัง พิษณุโลก,469,สิบล้อ
Oil470,Oil,FVM 240,คลัง ศรีราชา,470,สิบล้อ
Oil471,Oil,FVM 240,คลัง ศรีราชา,471,สิบล้อ
Oil472,Oil,FVM 240,รถสำรอง Fleet SR,472,สิบล้อ
Oil473,Oil,FVM 240,คลัง ศรีราชา,473,สิบล้อ
Oil474,Oil,FVM 240,คลัง ศรีราชา,474,สิบล้อ
Oil475,Oil,FVM 240,คลัง ศรีราชา,475,สิบล้อ
Oil476,Oil,FVM 240,คลัง ศรีราชา,476,สิบล้อ
Oil477,Oil,FVM 240,คลัง ขอนแก่น,477,สิบล้อ
Oil478,Oil,FVM 240,คลัง ขอนแก่น,478,สิบล้อ
Oil479,Oil,FVM 240,คลัง ขอนแก่น,479,สิบล้อ
Oil480,Oil,FVM 240,คลัง สุรินทร์,480,สิบล้อ
Oil481,Oil,FVM 240,คลัง ปักธงชัย,481,สิบล้อ
Oil482,Oil,FVM 240,คลัง ปักธงชัย,482,สิบล้อ
Oil483,Oil,FVM 240,คลัง ชุมพร,483,สิบล้อ
Oil484,Oil,FVM 240,คลัง ชุมพร,484,สิบล้อ
Oil485,Oil,FVM 240,คลัง ชุมพร,485,สิบล้อ
Oil486,Oil,FVM 240,คลัง พิษณุโลก,486,สิบล้อ
Oil487,Oil,FVM 240,คลัง ศรีราชา,487,สิบล้อ
Oil488,Oil,FVM 240,คลัง ศรีราชา,488,สิบล้อ
Oil489,Oil,FVM 240,รถสำรอง Fleet SR,489,สิบล้อ
Oil490,Oil,FVM 240,คลัง ศรีราชา,490,สิบล้อ
Oil491,Oil,FVM 240,คลัง ศรีราชา,491,สิบล้อ
Oil492,Oil,FVM 240,คลัง ศรีราชา,492,สิบล้อ
Oil493,Oil,FVM 240,คลัง ปักธงชัย,493,สิบล้อ
Oil494,Oil,FVM 240,คลัง ปักธงชัย,494,สิบล้อ
Oil495,Oil,FVM 240,คลัง สุรินทร์,495,สิบล้อ
Oil496,Oil,FVM 240,คลัง พิษณุโลก,496,สิบล้อ
Oil497,Oil,FVM 240,คลัง นครสวรรค์,497,สิบล้อ
Oil498,Oil,FVM 240,คลัง ศรีราชา,498,สิบล้อ
Oil499,Oil,FVM 240,คลัง ศรีราชา,499,สิบล้อ
Oil500,Oil,FVZ 240,คลัง ลำปาง,500,สิบล้อ
Oil501,Oil,FVZ 240,คลัง ลำปาง,501,สิบล้อ
Oil502,Oil,FVM 240,คลัง สุรินทร์,502,สิบล้อ
Oil503,Oil,FVM 240,คลัง สุรินทร์,503,สิบล้อ
Oil504,Oil,FVM 240,คลัง ปักธงชัย,504,สิบล้อ
Oil505,Oil,FVM 240,คลัง สุรินทร์,505,สิบล้อ
Oil506,Oil,FVZ 240,คลัง นครสวรรค์,506,สิบล้อ
Oil507,Oil,FVM 240,คลัง ศรีราชา,507,สิบล้อ
Oil508,Oil,FVM 240,คลัง ศรีราชา,508,สิบล้อ
Oil509,Oil,FVM 240,คลัง ศรีราชา,509,สิบล้อ
Oil510,Oil,FVM 240,คลัง หนองแค,510,สิบล้อ
Oil511,Oil,FVM 240,คลัง หนองแค,511,สิบล้อ
Oil522,Oil,FVZ 240,คลัง ลำปาง,522,สิบล้อ
Oil523,Oil,FVM 240,คลัง ศรีราชา,523,สิบล้อ
Oil524,Oil,FVM 240,คลัง หนองแค,524,สิบล้อ
Oil525,Oil,FVM 240,คลัง ลำปาง,525,สิบล้อ
Oil526,Oil,FVM 240,คลัง ปักธงชัย,526,สิบล้อ
Oil527,Oil,FVM 240,คลัง ปักธงชัย,527,สิบล้อ
Oil528,Oil,FVM 240,คลัง สุรินทร์,528,สิบล้อ
Oil529,Oil,FVM 240,คลัง ขอนแก่น,529,สิบล้อ
Oil530,Oil,FVM 240,คลัง ขอนแก่น,530,สิบล้อ
Oil531,Oil,FVM 240,คลัง ขอนแก่น,531,สิบล้อ
Oil532,Oil,FVM 240,คลัง ขอนแก่น,532,สิบล้อ
Oil533,Oil,FVM 240,คลัง ลำปาง,533,สิบล้อ
Oil534,Oil,FVM 240,คลัง ขอนแก่น,534,สิบล้อ
Oil535,Oil,FVM 240,คลัง สุรินทร์,535,สิบล้อ
Oil536,Oil,FVM 240,คลัง ขอนแก่น,536,สิบล้อ
Oil537,Oil,FVM 240,คลัง ศรีราชา,537,สิบล้อ
Oil538,Oil,FVM 240,คลัง พิษณุโลก,538,สิบล้อ
Oil539,Oil,FVM 240,คลัง ศรีราชา,539,สิบล้อ
Oil540,Oil,FVM 240,คลัง ศรีราชา,540,สิบล้อ
Oil541,Oil,FVM 240,คลัง ฟลีตสุราษฎ์ธานี,541,สิบล้อ
Oil542,Oil,FVM 240,คลัง ขอนแก่น,542,สิบล้อ
Oil543,Oil,FVM 240,คลัง ศรีราชา,543,สิบล้อ
Oil544,Oil,FVM 240,คลัง ศรีราชา,544,สิบล้อ
Oil545,Oil,FVM 240,คลัง ลำปาง,545,สิบล้อ
Oil546,Oil,FVM 240,คลัง หนองแค,546,สิบล้อ
Oil547,Oil,FVM 240,คลัง หนองแค,547,สิบล้อ
Oil548,Oil,FVM 240,คลัง ลำปาง,548,สิบล้อ
Oil550,Oil,FVM 240,รถสำรอง Fleet SR,550,สิบล้อ
Oil551,Oil,FVM 240,คลัง ฟลีตสุราษฎ์ธานี,551,สิบล้อ
Oil552,Oil,FVM 240,คลัง สุรินทร์,552,สิบล้อ
Oil553,Oil,FVM 240,คลัง ปักธงชัย,553,สิบล้อ
Oil554,Oil,FVM 240,คลัง สุรินทร์,554,สิบล้อ
Oil555,Oil,FVM 240,คลัง นครสวรรค์,555,สิบล้อ
Oil556,Oil,FVM 240,คลัง ปักธงชัย,556,สิบล้อ
Oil557,Oil,FVM 240,รถสำรอง Fleet SR,557,สิบล้อ
Oil558,Oil,FVM 240,คลัง พิษณุโลก,558,สิบล้อ
Oil559,Oil,FVM 240,คลัง ขอนแก่น,559,สิบล้อ
Oil560,Oil,FVM 240,คลัง ชุมพร,560,สิบล้อ
Oil561,Oil,FVM 240,คลัง ลำปาง,561,สิบล้อ
Oil562,Oil,FVM 240,รถสำรอง Fleet SR,562,สิบล้อ
Oil563,Oil,FVM 240,คลัง ปักธงชัย,563,สิบล้อ
Oil564,Oil,FVM 240,คลัง สุรินทร์,564,สิบล้อ
Oil565,Oil,FVM 240,คลัง ลำปาง,565,สิบล้อ
Oil566,Oil,FVM 240,คลัง ลำปาง,566,สิบล้อ
Oil567,Oil,FVZ 240,คลัง ลำปาง,567,สิบล้อ
Oil568,Oil,FVM 240,คลัง แม่กลอง,568,สิบล้อ
Oil569,Oil,FVM 240,คลัง หนองแค,569,สิบล้อ
Oil570,Oil,FVM 240,คลัง ศรีราชา,570,สิบล้อ
Oil571,Oil,FVM 240,คลัง ขอนแก่น,571,สิบล้อ
Oil572,Oil,FVM 240,คลัง ชุมพร,572,สิบล้อ
Oil573,Oil,FVM 240,รถสำรอง Fleet SR,573,สิบล้อ
Oil574,Oil,FVM 240,คลัง พิษณุโลก,574,สิบล้อ
Oil575,Oil,FVM 240,คลัง พิษณุโลก,575,สิบล้อ
Oil576,Oil,FVM 240,คลัง พิษณุโลก,576,สิบล้อ
Oil577,Oil,FVM 240,คลัง พิษณุโลก,577,สิบล้อ
Oil578,Oil,FVM 240,คลัง ปักธงชัย,578,สิบล้อ
Oil579,Oil,FVM 240,คลัง ปักธงชัย,579,สิบล้อ
Oil580,Oil,FVM 240,คลัง สุรินทร์,580,สิบล้อ
Oil581,Oil,FVM 240,คลัง ปักธงชัย,581,สิบล้อ
Oil582,Oil,FVM 240,รถสำรอง Fleet SR,582,สิบล้อ
Oil583,Oil,FVM 240,รถสำรอง Fleet SR,583,สิบล้อ
Oil584,Oil,FVM 240,รถสำรอง Fleet SR,584,สิบล้อ
Oil585,Oil,FVM 240,รถสำรอง Fleet SR,585,สิบล้อ
Oil586,Oil,FVM 240,รถสำรอง Fleet SR,586,สิบล้อ
Oil587,Oil,FVM 240,คลัง ลำปาง,587,สิบล้อ
Oil588,Oil,FVM 240,คลัง พิษณุโลก,588,สิบล้อ
Oil589,Oil,FVM 240,คลัง สุรินทร์,589,สิบล้อ
Oil590,Oil,FVM 240,คลัง สุรินทร์,590,สิบล้อ
Oil591,Oil,FVM 240,คลัง สุรินทร์,591,สิบล้อ
Oil592,Oil,FVM 240,คลัง ปักธงชัย,592,สิบล้อ
Oil593,Oil,FVM 240,คลัง ลำปาง,593,สิบล้อ
Oil594,Oil,FVM 240,คลัง ลำปาง,594,สิบล้อ
Oil595,Oil,FVM 240,คลัง ขอนแก่น,595,สิบล้อ
Oil596,Oil,FVM 240,คลัง สุรินทร์,596,สิบล้อ
Oil597,Oil,FVM 240,คลัง ลำปาง,597,สิบล้อ
Oil599,Oil,FVM 240,คลัง สุรินทร์,599,สิบล้อ
Oil600,Oil,FVM 240,คลัง ชุมพร,600,สิบล้อ
Oil601,Oil,FVM 240,คลัง ศรีราชา,601,สิบล้อ
Oil602,Oil,FVM 240,คลัง ศรีราชา,602,สิบล้อ
Oil603,Oil,FVM 240,รถสำรอง Fleet SR,603,สิบล้อ
Oil604,Oil,FVM 240,คลัง ฟลีตสุราษฎ์ธานี,604,สิบล้อ
Oil605,Oil,FVM 240,คลัง ลำปาง,605,สิบล้อ
Oil606,Oil,FVM 240,คลัง หนองแค,606,สิบล้อ
Oil607,Oil,FVM 240,คลัง หนองแค,607,สิบล้อ
Oil608,Oil,FVM 240,คลัง หนองแค,608,สิบล้อ
Oil609,Oil,FVM 240,คลัง ศรีราชา,609,สิบล้อ
Oil610,Oil,FVM 240,คลัง พิษณุโลก,610,สิบล้อ
Oil611,Oil,FVM 240,คลัง ศรีราชา,611,สิบล้อ
Oil612,Oil,FVM 240,คลัง ศรีราชา,612,สิบล้อ
Oil613,Oil,FVM 240,คลัง นครสวรรค์,613,สิบล้อ
Oil614,Oil,FVM 240,คลัง ศรีราชา,614,สิบล้อ
Oil615,Oil,FVM 240,คลัง ศรีราชา,615,สิบล้อ
Oil616,Oil,FVM 240,คลัง ศรีราชา,616,สิบล้อ
Oil617,Oil,FVM 240,คลัง ศรีราชา,617,สิบล้อ
Oil618,Oil,FVM 240,คลัง ศรีราชา,618,สิบล้อ
Oil619,Oil,FVM 240,รถสำรอง Fleet SR,619,สิบล้อ
Oil620,Oil,FVM 240,คลัง ขอนแก่น,620,สิบล้อ
Oil54,Oil,GXZ 360,คลัง แม่กลอง,54,หัวลาก
Oil58,Oil,GXZ 360,โอนทั่วไป,58,กึ่งพ่วง
Oil60,Oil,GXZ 360,คลัง ศรีราชา,60,หัวลาก
Oil62,Oil,GXZ 360,คลัง นครสวรรค์,62,หัวลาก
Oil72,Oil,GXZ 360,คลัง ปักธงชัย,72,หัวลาก
Oil73,Oil,GXZ 360,คลัง ปักธงชัย,73,หัวลาก
Oil74,Oil,GXZ 360,คลัง สุรินทร์,74,หัวลาก
Oil84,Oil,GXZ 360,โอนทั่วไป,84,หัวลาก
Oil85,Oil,GXZ 360,คลัง แม่กลอง,85,หัวลาก
Oil86,Oil,GXZ 360,คลัง ขอนแก่น,86,หัวลาก
Oil89,Oil,GXZ 360,คลัง ปักธงชัย,89,หัวลาก
Oil92,Oil,GXZ 360,โอนทั่วไป,92,หัวลาก
Oil97,Oil,GXZ 360,คลัง ปักธงชัย,97,หัวลาก
Oil98,Oil,GXZ 360,โอนทั่วไป,98,หัวลาก
Oil100,Oil,GXZ 360,คลัง แม่กลอง,100,หัวลาก
Oil123,Oil,GXZ 360,คลัง สุรินทร์,123,หัวลาก
Oil124,Oil,GXZ 360,คลัง ปักธงชัย,124,หัวลาก
Oil125,Oil,GXZ 360,คลัง ขอนแก่น,125,หัวลาก
Oil126,Oil,GXZ 360,คลัง แม่กลอง,126,หัวลาก
Oil127,Oil,GXZ 360,คลัง สุรินทร์,127,หัวลาก
Oil128,Oil,GXZ 360,คลัง สุรินทร์,128,หัวลาก
Oil130,Oil,GXZ 360,รถสำรอง Fleet SR,130,หัวลาก
Oil131,Oil,GXZ 360,คลัง สุรินทร์,131,หัวลาก
Oil132,Oil,GXZ 360,ปั๊ม,132,หัวลาก
Oil134,Oil,GXZ 360,คลัง สุรินทร์,134,หัวลาก
Oil136,Oil,GXZ 360,คลัง สุรินทร์,136,หัวลาก
Oil137,Oil,GXZ 360,คลัง ปักธงชัย,137,หัวลาก
Oil145,Oil,FM13,โอนทั่วไป,145,หัวลาก
Oil152,Oil,FM13,ปั๊ม,152,หัวลาก
Oil153,Oil,FM13,โอน+ปั๊ม,153,หัวลาก
Oil154,Oil,FM13,โอน+ปั๊ม,154,หัวลาก
Oil155,Oil,FM13,โอนทั่วไป,155,หัวลาก
Oil156,Oil,FM13,โอน+ปั๊ม,156,หัวลาก
Oil157,Oil,FM13,โอน+ปั๊ม,157,หัวลาก
Oil158,Oil,FM13,โอน+ปั๊ม,158,หัวลาก
Oil159,Oil,FM13,โอน+ปั๊ม,159,หัวลาก
Oil160,Oil,FM13,โอน+ปั๊ม,160,หัวลาก
Oil161,Oil,FM13,คลัง ขอนแก่น,161,หัวลาก
Oil162,Oil,FM13,คลัง ขอนแก่น,162,หัวลาก
Oil163,Oil,FM13,ปั๊ม,163,หัวลาก
Oil170,Oil,FM13,ปั๊ม,170,หัวลาก
Oil171,Oil,FM13,โอนทั่วไป,171,หัวลาก
Oil172,Oil,FM13,คลัง ชุมพร,172,หัวลาก
Oil173,Oil,FM13,ปั๊ม,173,หัวลาก
Oil174,Oil,FM13,คลัง ปักธงชัย,174,หัวลาก
Oil175,Oil,FM13,โอน+ปั๊ม,175,หัวลาก
Oil176,Oil,FM13,โอน+ปั๊ม,176,หัวลาก
Oil177,Oil,FM13,โอน+ปั๊ม,177,หัวลาก
Oil178,Oil,GXZ 360,คลัง ขอนแก่น,178,หัวลาก
Oil179,Oil,FM13,โอน+ปั๊ม,179,หัวลาก
Oil180,Oil,FM13,คลัง ปักธงชัย,180,หัวลาก
Oil181,Oil,FM13,โอน+ปั๊ม,181,หัวลาก
Oil182,Oil,GXZ 360,คลัง สุรินทร์,182,หัวลาก
Oil184,Oil,FM13,โอน+ปั๊ม,184,หัวลาก
Oil185,Oil,FM13,โอน+ปั๊ม,185,หัวลาก
Oil186,Oil,FM13,โอน+ปั๊ม,186,หัวลาก
Oil187,Oil,FM13,ปั๊ม,187,หัวลาก
Oil188,Oil,FM13,ปั๊ม,188,หัวลาก
Oil189,Oil,FM13,คลัง หนองแค,189,หัวลาก
Oil190,Oil,FM13,คลัง ลำปาง,190,หัวลาก
Oil191,Oil,FM13,ปั๊ม,191,หัวลาก
Oil192,Oil,FM13,ปั๊ม,192,หัวลาก
Oil193,Oil,FM13,ด่วนปักธงชัย,193,หัวลาก
Oil194,Oil,FM13,ปั๊ม,194,หัวลาก
Oil195,Oil,GXZ 360,รถสำรอง Fleet NK,195,หัวลาก
Oil204,Oil,GXZ 360,คลัง สุรินทร์,204,หัวลาก
Oil205,Oil,FM13,ปั๊ม,205,หัวลาก
Oil206,Oil,FM13,ปั๊ม,206,หัวลาก
Oil207,Oil,FM13,ปั๊ม,207,หัวลาก
Oil208,Oil,FM13,ปั๊ม,208,หัวลาก
Oil209,Oil,FM13,ปั๊ม,209,หัวลาก
Oil210,Oil,FM13,ปั๊ม,210,หัวลาก
Oil211,Oil,FM13,คลัง ปักธงชัย,211,หัวลาก
Oil212,Oil,GXZ 360,คลัง แม่กลอง,212,หัวลาก
Oil213,Oil,FM13,คลัง หนองแค,213,หัวลาก
Oil214,Oil,FM13,ปั๊ม,214,หัวลาก
Oil215,Oil,FM13,ปั๊ม,215,หัวลาก
Oil216,Oil,FM13,คลัง พิษณุโลก,216,หัวลาก
Oil217,Oil,FM13,คลัง สุรินทร์,217,หัวลาก
Oil218,Oil,FM13,ปั๊ม,218,หัวลาก
Oil219,Oil,FM13,คลัง หนองแค,219,หัวลาก
Oil222,Oil,FM13,ปั๊ม,222,หัวลาก
Oil223,Oil,FM13,คลัง สุรินทร์,223,หัวลาก
Oil224,Oil,FM13,ปั๊ม,224,หัวลาก
Oil225,Oil,FM13,ปั๊ม,225,หัวลาก
Oil226,Oil,FM13,ปั๊ม,226,หัวลาก
Oil227,Oil,GXZ 360,คลัง แม่กลอง,227,หัวลาก
Oil228,Oil,FM13,ปั๊ม,228,หัวลาก
Oil229,Oil,FM13,ปั๊ม,229,หัวลาก
Oil230,Oil,FM13,ปั๊ม,230,หัวลาก
Oil232,Oil,FM13,คลัง ปักธงชัย,232,หัวลาก
Oil233,Oil,GXZ 360,คลัง สุรินทร์,233,หัวลาก
Oil234,Oil,FM13,ปั๊ม,234,หัวลาก
Oil236,Oil,FM13,ปั๊ม,236,หัวลาก
Oil237,Oil,FM13,คลัง หนองแค,237,หัวลาก
Oil238,Oil,FM13,คลัง หนองแค,238,หัวลาก
Oil239,Oil,FM13,ปั๊ม,239,หัวลาก
Oil240,Oil,FM13,คลัง พิษณุโลก,240,หัวลาก
Oil241,Oil,FM13,ปั๊ม,241,หัวลาก
Oil242,Oil,FM13,ปั๊ม,242,หัวลาก
Oil243,Oil,FM13,ปั๊ม,243,หัวลาก
Oil264,Oil,FM13,คลัง พิษณุโลก,264,หัวลาก
Oil265,Oil,FM13,คลัง นครสวรรค์,265,หัวลาก
Oil266,Oil,FM13,ปั๊ม,266,หัวลาก
Oil267,Oil,FM13,คลัง พิษณุโลก,267,หัวลาก
Oil268,Oil,FM13,ปั๊ม,268,หัวลาก
Oil269,Oil,FM13,ปั๊ม,269,หัวลาก
Oil270,Oil,FM13,โอน+ปั๊ม,270,หัวลาก
Oil271,Oil,FM13,คลัง พิษณุโลก,271,หัวลาก
Oil272,Oil,FM13,ปั๊ม,272,หัวลาก
Oil273,Oil,FM13,ปั๊ม,273,หัวลาก
Oil274,Oil,FM13,ปั๊ม,274,หัวลาก
Oil275,Oil,FM13,ปั๊ม,275,หัวลาก
Oil276,Oil,FM13,ด่วนปักธงชัย,276,หัวลาก
Oil277,Oil,FM13,ปั๊ม,277,หัวลาก
Oil278,Oil,FM13,ปั๊ม,278,หัวลาก
Oil279,Oil,FM13,ปั๊ม,279,หัวลาก
Oil280,Oil,FM13,ปั๊ม,280,หัวลาก
Oil281,Oil,FM13,ปั๊ม,281,หัวลาก
Oil283,Oil,FM13,ปั๊ม,283,หัวลาก
Oil330,Oil,FM13,ปั๊ม,330,หัวลาก
Oil331,Oil,GXZ 360,คลัง ขอนแก่น,331,หัวลาก
Oil332,Oil,FM13,ปั๊ม,332,หัวลาก
Oil333,Oil,FM13,คลัง นครสวรรค์,333,หัวลาก
Oil334,Oil,GXZ 360,คลัง แม่กลอง,334,หัวลาก
Oil335,Oil,FM13,คลัง พิษณุโลก,335,หัวลาก
Oil337,Oil,FM13,โอนทั่วไป,337,หัวลาก
Oil338,Oil,FM13,ปั๊ม,338,หัวลาก
Oil339,Oil,FM13,ปั๊ม,339,หัวลาก
Oil340,Oil,FM13,ด่วนขอนแก่น,340,หัวลาก
Oil341,Oil,FM13,คลัง พิษณุโลก,341,หัวลาก
Oil342,Oil,FM13,ปั๊ม,342,หัวลาก
Oil343,Oil,FM13,ปั๊ม,343,หัวลาก
Oil344,Oil,FM13,ปั๊ม,344,หัวลาก
Oil345,Oil,FM13,ปั๊ม,345,หัวลาก
Oil346,Oil,FM13,โอนทั่วไป,346,หัวลาก
Oil347,Oil,FM13,คลัง หนองแค,347,หัวลาก
Oil348,Oil,FM13,ด่วนขอนแก่น,348,หัวลาก
Oil349,Oil,FM13,โอนทั่วไป,349,หัวลาก
Oil350,Oil,FM13,โอนทั่วไป,350,หัวลาก
Oil351,Oil,FM13,ปั๊ม,351,หัวลาก
Oil352,Oil,FM13,คลัง นครสวรรค์,352,หัวลาก
Oil353,Oil,GXZ 360,คลัง นครสวรรค์,353,หัวลาก
Oil354,Oil,FM13,คลัง พิษณุโลก,354,หัวลาก
Oil355,Oil,FM13,คลัง พิษณุโลก,355,หัวลาก
Oil356,Oil,FM13,ด่วนลำปาง,356,หัวลาก
Oil357,Oil,FM13,คลัง ชุมพร,357,หัวลาก
Oil358,Oil,FM13,ปั๊ม,358,หัวลาก
Oil359,Oil,FM13,คลัง พิษณุโลก,359,หัวลาก
Oil360,Oil,FM13,ปั๊ม,360,หัวลาก
Oil361,Oil,FM13,คลัง ชุมพร,361,หัวลาก
Oil362,Oil,GXZ 360,คลัง ขอนแก่น,362,หัวลาก
Gas363,Gas,FM13,ด่วนขอนแก่น,363,หัวลาก
Oil364,Oil,GXZ 360,คลัง สุรินทร์,364,หัวลาก
Oil365,Oil,FM13,คลัง ลำปาง,365,หัวลาก
Oil366,Oil,GXZ 360,คลัง ขอนแก่น,366,หัวลาก
Oil367,Oil,GXZ 360,คลัง ขอนแก่น,367,หัวลาก
Oil368,Oil,FM13,ปั๊ม,368,หัวลาก
Oil370,Oil,FM13,ด่วนขอนแก่น,370,หัวลาก
Oil371,Oil,FM13,ด่วนลำปาง,371,หัวลาก
Oil372,Oil,FM13,ปั๊ม,372,หัวลาก
Oil373,Oil,FM13,โอนทั่วไป,373,หัวลาก
Oil374,Oil,FM13,คลัง ลำปาง,374,หัวลาก
Oil375,Oil,FM13,ปั๊ม,375,หัวลาก
Oil376,Oil,FM13,โอนทั่วไป,376,หัวลาก
Oil377,Oil,FM13,ปั๊ม,377,หัวลาก
Oil378,Oil,FM13,ปั๊ม,378,หัวลาก
Oil379,Oil,FM13,ด่วนลำปาง,379,หัวลาก
Oil380,Oil,FM13,ปั๊ม,380,หัวลาก
Oil381,Oil,FM13,คลัง พิษณุโลก,381,หัวลาก
Oil382,Oil,FM13,ปั๊ม,382,หัวลาก
Oil383,Oil,FM13,คลัง พิษณุโลก,383,หัวลาก
Oil384,Oil,FM13,คลัง พิษณุโลก,384,หัวลาก
Oil385,Oil,FM13,คลัง พิษณุโลก,385,หัวลาก
Oil386,Oil,FM13,คลัง สุรินทร์,386,หัวลาก
Oil387,Oil,FM13,คลัง ลำปาง,387,หัวลาก
Oil388,Oil,FM13,คลัง สุรินทร์,388,หัวลาก
Oil389,Oil,FM13,โอนทั่วไป,389,หัวลาก
Oil390,Oil,FM13,ปั๊ม,390,หัวลาก
Oil391,Oil,FM13,คลัง นครสวรรค์,391,หัวลาก
Oil392,Oil,FM13,ปั๊ม,392,หัวลาก
Oil393,Oil,FM13,ปั๊ม,393,หัวลาก
Oil394,Oil,FM13,คลัง ขอนแก่น,394,หัวลาก
Oil395,Oil,FM13,ปั๊ม,395,หัวลาก
Oil396,Oil,FM13,ปั๊ม,396,หัวลาก
Oil397,Oil,FM13,ปั๊ม,397,หัวลาก
Oil398,Oil,FM13,ปั๊ม,398,หัวลาก
Oil399,Oil,FM13,คลัง ลำปาง,399,หัวลาก
Oil400,Oil,FM13,ปั๊ม,400,หัวลาก
Oil401,Oil,FM13,ปั๊ม,401,หัวลาก
Oil402,Oil,FM13,ด่วนขอนแก่น,402,หัวลาก
Oil403,Oil,FM13,ด่วนขอนแก่น,403,หัวลาก
Oil404,Oil,FM13,ปั๊ม,404,หัวลาก
Oil415,Oil,FM13,โอนทั่วไป,415,หัวลาก
Oil416,Oil,FM13,ปั๊ม,416,หัวลาก
Oil417,Oil,FM13,ด่วนปักธงชัย,417,หัวลาก
Gas418,Gas,FM13,ขนส่งแก๊สปิโตรเลียมบัลค์,418,หัวลาก
Oil419,Oil,FM13,ด่วนขอนแก่น,419,หัวลาก
Oil420,Oil,FM13,ปั๊ม,420,หัวลาก
Oil421,Oil,FM13,ด่วนปักธงชัย,421,หัวลาก
Oil422,Oil,FM13,ด่วนปักธงชัย,422,หัวลาก
Oil423,Oil,FM13,คลัง ขอนแก่น,423,หัวลาก
Oil424,Oil,FM13,ด่วนปักธงชัย,424,หัวลาก
Oil425,Oil,FM13,ปั๊ม,425,หัวลาก
426,,FM13,ด่วนขอนแก่น,426,กึ่งพ่วง
Oil512,Oil,FM13,ปั๊ม,512,กึ่งพ่วง
Oil513,Oil,FM13,ด่วนขอนแก่น,513,หัวลาก
Oil514,Oil,FM13,ด่วนปักธงชัย,514,หัวลาก
Oil515,Oil,FM13,ด่วนขอนแก่น,515,หัวลาก
Oil516,Oil,FM13,ด่วนขอนแก่น,516,หัวลาก
Oil517,Oil,FM13,ด่วนลำปาง,517,หัวลาก
Oil518,Oil,FM13,ด่วนลำปาง,518,หัวลาก
Oil519,Oil,FM13,ด่วนลำปาง,519,หัวลาก
Oil520,Oil,FM13,ด่วนลำปาง,520,หัวลาก
Oil521,Oil,FM13,ด่วนลำปาง,521,หัวลาก
Oil621,Oil,FH440,โอนทั่วไป,621,หัวลาก
Oil622,Oil,FH440,โอนทั่วไป,622,หัวลาก
Oil623,Oil,FH440,โอนทั่วไป,623,หัวลาก
Oil624,Oil,FH440,โอนทั่วไป,624,หัวลาก
Oil625,Oil,FH440,โอนทั่วไป,625,หัวลาก
Oil626,Oil,FH440,โอนทั่วไป,626,หัวลาก
Oil627,Oil,FH440,โอนทั่วไป,627,หัวลาก
Gas628,Gas,FH440,LINDE,628,หัวลาก
Oil629,Oil,FH440,โอนทั่วไป,629,หัวลาก
Oil630,Oil,FH440,โอนทั่วไป,630,หัวลาก
Oil631,Oil,FH440,ด่วนลำปาง,631,หัวลาก
Oil632,Oil,FM13,ปั๊ม,632,กึ่งพ่วง
Oil633,Oil,FM13,ปั๊ม,633,กึ่งพ่วง
Oil634,Oil,FM13,โอนทั่วไป,634,หัวลาก
Oil635,Oil,FM13,ด่วนลำปาง,635,หัวลาก
Oil636,Oil,FM13,ด่วนลำปาง,636,หัวลาก
Oil637,Oil,FM13,ปั๊ม,637,กึ่งพ่วง
Oil638,Oil,FM13,ปั๊ม,638,กึ่งพ่วง
Oil639,Oil,FM13,ด่วนชุมพร,639,หัวลาก
Oil640,Oil,FM13,ด่วนชุมพร,640,หัวลาก
Oil641,Oil,FM13,ปั๊ม,641,กึ่งพ่วง
Oil642,Oil,FM13,โอน+ปั๊ม,642,หัวลาก
Oil643,Oil,FM13,ปั๊ม,643,กึ่งพ่วง
Oil644,Oil,FM13,ด่วนลำปาง,644,หัวลาก
Oil645,Oil,FM13,ด่วนชุมพร,645,หัวลาก
Oil646,Oil,FM13,ด่วนลำปาง,646,หัวลาก
Oil647,Oil,FM13,ปั๊ม,647,หัวลาก
Oil648,Oil,FM13,ปั๊ม,648,หัวลาก
Oil649,Oil,FM13,ปั๊ม,649,หัวลาก
Oil650,Oil,FM13,ปั๊ม,650,หัวลาก
Oil651,Oil,FM13,ปั๊ม,651,หัวลาก
Oil652,Oil,FM13,ปั๊ม,652,หัวลาก
Oil653,Oil,FM13,ปั๊ม,653,หัวลาก
Oil654,Oil,FM13,ปั๊ม,654,หัวลาก
Oil655,Oil,FM13,ปั๊ม,655,หัวลาก
Oil656,Oil,FM13,ปั๊ม,656,หัวลาก
Oil657,Oil,FM13,ปั๊ม,657,หัวลาก
Oil658,Oil,FM13,ปั๊ม,658,หัวลาก
Oil659,Oil,FM13,ปั๊ม,659,หัวลาก
Oil660,Oil,FM13,ปั๊ม,660,หัวลาก
Oil661,Oil,FM13,ปั๊ม,661,หัวลาก
Oil662,Oil,FM13,ปั๊ม,662,หัวลาก
Oil663,Oil,FM13,ปั๊ม,663,หัวลาก
Oil664,Oil,FM13,ปั๊ม,664,หัวลาก
Oil665,Oil,FM13,ปั๊ม,665,หัวลาก
Oil666,Oil,FM13,ปั๊ม,666,หัวลาก
Oil667,Oil,FM13,ปั๊ม,667,หัวลาก
Oil668,Oil,FM13,ปั๊ม,668,หัวลาก
Oil669,Oil,FM13,ปั๊ม,669,หัวลาก
Oil670,Oil,FM13,ปั๊ม,670,หัวลาก
Oil671,Oil,FM13,ปั๊ม,671,หัวลาก
Oil672,Oil,FM13,ปั๊ม,672,หัวลาก
Oil673,Oil,FM13,ปั๊ม,673,หัวลาก
Oil674,Oil,FM13,ปั๊ม,674,หัวลาก
Oil675,Oil,FM13,ปั๊ม,675,หัวลาก
Oil676,Oil,FM13,ปั๊ม,676,หัวลาก
Oil677,Oil,FM13,ปั๊ม,677,หัวลาก
Oil678,Oil,FM13,ปั๊ม,678,หัวลาก
Oil679,Oil,FM13,ปั๊ม,679,หัวลาก
Oil680,Oil,FM13,ปั๊ม,680,หัวลาก
Oil681,Oil,FM13,ปั๊ม,681,หัวลาก
Oil682,Oil,FM13,ปั๊ม,682,หัวลาก
Oil683,Oil,FM13,ปั๊ม,683,หัวลาก
Oil684,Oil,FM13,ปั๊ม,684,หัวลาก
Oil685,Oil,FM13,ปั๊ม,685,หัวลาก
Oil686,Oil,FM13,ปั๊ม,686,หัวลาก
Oil687,Oil,FM13,ปั๊ม,687,หัวลาก
Oil688,Oil,FM13,ปั๊ม,688,หัวลาก
Oil689,Oil,FM13,ปั๊ม,689,หัวลาก
Oil690,Oil,FM13,ปั๊ม,690,หัวลาก
Oil691,Oil,FM13,ปั๊ม,691,หัวลาก
Oil692,Oil,FM13,ปั๊ม,692,หัวลาก
Oil693,Oil,FVM 240,IRPC,693,สิบล้อ
Oil694,Oil,FVM 240,IRPC,694,สิบล้อ
Oil695,Oil,FVM 240,IRPC,695,สิบล้อ
Oil696,Oil,FVM 240,IRPC,696,สิบล้อ
Oil697,Oil,FVM 240,IRPC,697,สิบล้อ
Oil698,Oil,FVM 240,IRPC,698,สิบล้อ
Oil699,Oil,FVM 240,IRPC,699,สิบล้อ
Oil700,Oil,FVM 240,IRPC,700,สิบล้อ
Oil701,Oil,FVM 240,IRPC,701,สิบล้อ
Oil702,Oil,FVM 240,IRPC,702,สิบล้อ
Oil703,Oil,FVM 240,IRPC,703,สิบล้อ
Oil704,Oil,FVM 240,IRPC,704,สิบล้อ
Oil705,Oil,FVM 240,คลัง ศรีราชา,705,สิบล้อ
Oil706,Oil,FVM 240,IRPC,706,สิบล้อ
Oil707,Oil,FVM 240,IRPC,707,สิบล้อ
Oil708,Oil,FVM 240,IRPC,708,สิบล้อ
Oil709,Oil,FVM 240,IRPC,709,สิบล้อ
Oil710,Oil,FVM 240,IRPC,710,สิบล้อ
Gas363,Gas,,รถสำรอง Fleet NK,363,หัวลาก
Other ProductsPTL.201,Other Products,FXZ 360,ขนส่งน้ำมันพืช,PTL.201,สิบล้อ
Other ProductsPTL.202,Other Products,FVM 240,ขนส่งน้ำมันพืช,PTL.202,สิบล้อ
Other ProductsPTL.203,Other Products,FVM 240,ขนส่งน้ำมันพืช,PTL.203,สิบล้อ
Other ProductsPTL.204,Other Products,FVM 240,ขนส่งน้ำมันพืช,PTL.204,สิบล้อ
Other ProductsPTL.205,Other Products,FVM 240,ขนส่งน้ำมันพืช,PTL.205,สิบล้อ
Other ProductsPTL.206,Other Products,FVM 240,ขนส่งน้ำมันพืช,PTL.206,สิบล้อ
Other ProductsPTL.207,Other Products,FXZ 360,ขนส่งน้ำมันพืช,PTL.207,สิบล้อ
Other ProductsPTL.301,Other Products,FM13,ขนส่ง Syrup,PTL.301,หัวลาก
Other ProductsPTL.302,Other Products,FM13,ขนส่ง Syrup,PTL.302,หัวลาก
Other ProductsPTL.303,Other Products,FM13,ขนส่ง Syrup,PTL.303,หัวลาก
Other ProductsPTL.304,Other Products,FM13,ขนส่ง Syrup,PTL.304,หัวลาก
Other ProductsPTL.305,Other Products,FM13,ขนส่ง Syrup,PTL.305,หัวลาก
Other ProductsPTL.306,Other Products,FH370,ขนส่ง Syrup,PTL.306,หัวลาก
Other ProductsPTL.307,Other Products,FH370,ขนส่ง Syrup,PTL.307,หัวลาก
Other ProductsPTL.308,Other Products,FM13,ขนส่ง Syrup,PTL.308,หัวลาก
Other ProductsPTL.309,Other Products,FM13,ขนส่ง Syrup,PTL.309,หัวลาก
Other ProductsPTL.310,Other Products,FM13,ขนส่ง Syrup,PTL.310,หัวลาก
GasPTL.401,Gas,ISUZU,ขนส่งแก๊สปิโตรเลียมบัลค์,PTL.401,สิบล้อ
GasPTL.402,Gas,ISUZU,ขนส่งแก๊สปิโตรเลียมบัลค์,PTL.402,สิบล้อ
GasPTL.403,Gas,HINO,ขนส่งแก๊สปิโตรเลียมบัลค์,PTL.403,สิบล้อ
GasPTL.404,Gas,HINO,ขนส่งแก๊สปิโตรเลียมบัลค์,PTL.404,สิบล้อ
GasPTL.405,Gas,HINO,ขนส่งแก๊สปิโตรเลียมบัลค์,PTL.405,สิบล้อ
GasPTL.406,Gas,ISUZU,ขนส่งแก๊สปิโตรเลียมบัลค์,PTL.406,สิบล้อ
GasPTL.407,Gas,ISUZU,ขนส่งแก๊สปิโตรเลียมบัลค์,PTL.407,สิบล้อ
GasPTL.408,Gas,HINO,ขนส่งแก๊สปิโตรเลียมบัลค์,PTL.408,สิบล้อ
GasPTL.409,Gas,HINO,ขนส่งแก๊สปิโตรเลียมบัลค์,PTL.409,สิบล้อ
GasPTL.410,Gas,HINO,ขนส่งแก๊สปิโตรเลียมบัลค์,PTL.410,สิบล้อ
GasPTL.411,Gas,ISUZU,ขนส่งแก๊สปิโตรเลียมบัลค์,PTL.411,สิบล้อ
GasPTL.412,Gas,ISUZU,ขนส่งแก๊สปิโตรเลียมบัลค์,PTL.412,สิบล้อ
GasPTL.413,Gas,ISUZU,ขนส่งแก๊สปิโตรเลียมบัลค์,PTL.413,สิบล้อ
GasPTL.414,Gas,ISUZU,ขนส่งแก๊สปิโตรเลียมบัลค์,PTL.414,สิบล้อ
GasPTL.415,Gas,FM13,ขนส่งแก๊สปิโตรเลียมบัลค์,PTL.415,หัวลาก
GasPTL.416,Gas,ISUZU,ขนส่งแก๊สปิโตรเลียมบัลค์,PTL.416,สิบล้อ
GasPTL.417,Gas,ISUZU,ขนส่งแก๊สปิโตรเลียมบัลค์,PTL.417,สิบล้อ
GasPTL.418,Gas,ISUZU,ขนส่งแก๊สปิโตรเลียมบัลค์,PTL.418,สิบล้อ
GasPTL.419,Gas,ISUZU,ขนส่งแก๊สปิโตรเลียมบัลค์,PTL.419,สิบล้อ
GasPTL.420,Gas,ISUZU,ขนส่งแก๊สปิโตรเลียมบัลค์,PTL.420,สิบล้อ
GasPTL.421,Gas,ISUZU,ขนส่งแก๊สปิโตรเลียมบัลค์,PTL.421,สิบล้อ
GasPTL.422,Gas,ISUZU,ขนส่งแก๊สปิโตรเลียมบัลค์,PTL.422,สิบล้อ
GasPTL.423,Gas,ISUZU,ขนส่งแก๊สปิโตรเลียมบัลค์,PTL.423,สิบล้อ
GasPTL.424,Gas,ISUZU,ขนส่งแก๊สปิโตรเลียมบัลค์,PTL.424,สิบล้อ
GasPTL.425,Gas,ISUZU,ขนส่งแก๊สปิโตรเลียมบัลค์,PTL.425,สิบล้อ
GasPTL.426,Gas,ISUZU,ขนส่งแก๊สปิโตรเลียมบัลค์,PTL.426,สิบล้อ
GasPTL.427,Gas,ISUZU,ขนส่งแก๊สปิโตรเลียมบัลค์,PTL.427,สิบล้อ
GasPTL.428,Gas,ISUZU,ขนส่งแก๊สปิโตรเลียมบัลค์,PTL.428,สิบล้อ
GasPTL.429,Gas,ISUZU,ขนส่งแก๊สปิโตรเลียมบัลค์,PTL.429,สิบล้อ
GasPTL.430,Gas,FH440,ขนส่งแก๊สปิโตรเลียมบัลค์,PTL.430,หัวลาก
GasPTL.431,Gas,FH440,ขนส่งแก๊สปิโตรเลียมบัลค์,PTL.431,หัวลาก
GasPTL.432,Gas,FH440,ขนส่งแก๊สปิโตรเลียมบัลค์,PTL.432,หัวลาก
GasPTL.433,Gas,FH440,ขนส่งแก๊สปิโตรเลียมบัลค์,PTL.433,หัวลาก
GasPTL.434,Gas,FH440,ขนส่งแก๊สปิโตรเลียมบัลค์,PTL.434,หัวลาก
GasPTL.435,Gas,FVM 240,ขนส่งแก๊สปิโตรเลียมบัลค์,PTL.435,สิบล้อ
GasPTL.436,Gas,FVM 240,ขนส่งแก๊สปิโตรเลียมบัลค์,PTL.436,สิบล้อ
GasPTL.437,Gas,FVM 240,ขนส่งแก๊สปิโตรเลียมบัลค์,PTL.437,สิบล้อ
GasPTL.438,Gas,FVM 240,ขนส่งแก๊สปิโตรเลียมบัลค์,PTL.438,สิบล้อ
GasPTL.439,Gas,FVM 240,ขนส่งแก๊สปิโตรเลียมบัลค์,PTL.439,สิบล้อ
GasPTL.440,Gas,FVM 240,ขนส่งแก๊สปิโตรเลียมบัลค์,PTL.440,สิบล้อ
GasPTL.441,Gas,FVM 240,ขนส่งแก๊สปิโตรเลียมบัลค์,PTL.441,สิบล้อ
GasPTL.442,Gas,FVM 240,ขนส่งแก๊สปิโตรเลียมบัลค์,PTL.442,สิบล้อ
GasPTL.443,Gas,FVM 240,ขนส่งแก๊สปิโตรเลียมบัลค์,PTL.443,สิบล้อ
GasPTL.444,Gas,FVM 240,ขนส่งแก๊สปิโตรเลียมบัลค์,PTL.444,สิบล้อ
GasPTL.445,Gas,FVM 240,ขนส่งแก๊สปิโตรเลียมบัลค์,PTL.445,สิบล้อ
GasPTL.446,Gas,FVM 240,ขนส่งแก๊สปิโตรเลียมบัลค์,PTL.446,สิบล้อ
GasPTL.447,Gas,FVM 240,ขนส่งแก๊สปิโตรเลียมบัลค์,PTL.447,สิบล้อ
GasPTL.448,Gas,FVM 240,ขนส่งแก๊สปิโตรเลียมบัลค์,PTL.448,สิบล้อ
GasPTL.449,Gas,FVM 240,ขนส่งแก๊สปิโตรเลียมบัลค์,PTL.449,สิบล้อ
GasPTL.450,Gas,FVM 240,ขนส่งแก๊สปิโตรเลียมบัลค์,PTL.450,สิบล้อ
GasPTL.451,Gas,FVM 240,ขนส่งแก๊สปิโตรเลียมบัลค์,PTL.451,สิบล้อ
GasPTL.452,Gas,FVM 240,ขนส่งแก๊สปิโตรเลียมบัลค์,PTL.452,สิบล้อ
GasPTL.453,Gas,FVM 240,ขนส่งแก๊สปิโตรเลียมบัลค์,PTL.453,สิบล้อ
GasPTL.454,Gas,FVM 240,ขนส่งแก๊สปิโตรเลียมบัลค์,PTL.454,สิบล้อ
Other ProductsPTL.724,Other Products,NQR,ขนส่งน้ำดื่ม ( ขนส่ง DC วังน้อย ),PTL.724,หกล้อ
Other ProductsPTL.725,Other Products,NLR,ขนส่งน้ำดื่ม ( ขนส่ง DC วังน้อย ),PTL.725,รถยนต์ 4 ล้อจัมโบ้
OilPTL.507,Oil,FOTON,ส่วนปฎิบัติการขนส่งน้ำมัน / ขนส่งศรีราชา,PTL.507,รถบรรทุก 4 ล้อจัมโบ้
Other ProductsPTL.726,Other Products,NLR,ขนส่งน้ำดื่ม ( ขนส่ง DC วังน้อย ),PTL.726,รถบรรทุก 4 ล้อจัมโบ้
Other ProductsPTL.727,Other Products,NLR,ขนส่งน้ำดื่ม ( ขนส่ง DC วังน้อย ),PTL.727,รถบรรทุก 4 ล้อจัมโบ้
Other ProductsPTL.728,Other Products,NLR,ขนส่งน้ำดื่ม ( ขนส่ง DC วังน้อย ),PTL.728,รถบรรทุก 4 ล้อจัมโบ้
Other ProductsPTL.606,Other Products,FXZ 360,ขนส่งขยะอุตสาหกรรม,PTL.606,สิบล้อ
Other ProductsPTL.607,Other Products,FXZ 360,ขนส่งขยะอุตสาหกรรม,PTL.607,สิบล้อ
OilPTL.701,Oil,ELF,ขนส่งน้ำดื่ม ( ขนส่ง DC วังน้อย ),PTL.701,หกล้อ
Other ProductsPTL.703,Other Products,NLR,ขนส่งน้ำดื่ม ( ขนส่ง DC วังน้อย ),PTL.703,รถบรรทุก 4 ล้อจัมโบ้
Other ProductsPTL.704,Other Products,FOTON,ขนส่งน้ำดื่ม ( ขนส่ง DC วังน้อย ),PTL.704,รถบรรทุก 4 ล้อจัมโบ้
Other ProductsPTL.705,Other Products,NLR,ขนส่งน้ำดื่ม ( ขนส่ง DC วังน้อย ),PTL.705,รถบรรทุก 4 ล้อจัมโบ้
Other ProductsPTL.706,Other Products,NLR,ขนส่งน้ำดื่ม ( ขนส่ง DC วังน้อย ),PTL.706,รถบรรทุก 4 ล้อจัมโบ้
Other ProductsPTL.707,Other Products,NLR,ขนส่งน้ำดื่ม ( ขนส่ง DC วังน้อย ),PTL.707,รถบรรทุก 4 ล้อจัมโบ้
Other ProductsPTL.708,Other Products,NLR,ขนส่งน้ำดื่ม ( ขนส่ง DC วังน้อย ),PTL.708,รถบรรทุก 4 ล้อจัมโบ้
Other ProductsPTL.709,Other Products,NLR,ขนส่งน้ำดื่ม ( ขนส่ง DC วังน้อย ),PTL.709,รถบรรทุก 4 ล้อจัมโบ้
OilPTL.711,Oil,FRR,ซ่อมบำรุง (ขนส่งหนองแค ),PTL.711,หกล้อ
Other ProductsPTL.712,Other Products,NLR,ขนส่งน้ำดื่ม ( ขนส่ง DC วังน้อย ),PTL.712,รถบรรทุก 4 ล้อจัมโบ้
GasPTL.713,Gas,D-MAX 1.9,ขนส่งแก๊สครัวเรือน (โรงบรรจุสุขสวัสดิ์),PTL.713,รถยนต์
GasPTL.714,Gas,D-MAX 1.9,ขนส่งแก๊สครัวเรือน (โรงบรรจุสุขสวัสดิ์),PTL.714,รถยนต์
Other ProductsPTL.715,Other Products,FRR,ขนส่งน้ำดื่ม ( ขนส่ง DC วังน้อย ),PTL.715,หกล้อ
Other ProductsPTL.716,Other Products,FRR,ขนส่งน้ำดื่ม ( ขนส่ง DC วังน้อย ),PTL.716,หกล้อ
Other ProductsPTL.717,Other Products,FRR,ขนส่งน้ำดื่ม ( ขนส่ง DC วังน้อย ),PTL.717,หกล้อ
Other ProductsPTL.719,Other Products,FTR,ขนส่งน้ำดื่ม ( ขนส่ง DC วังน้อย ),PTL.719,หกล้อ
Other ProductsPTL.720,Other Products,FTR,ขนส่งน้ำดื่ม ( ขนส่ง DC วังน้อย ),PTL.720,หกล้อ
Other ProductsPTL.723,Other Products,FRR,ขนส่งน้ำดื่ม ( ขนส่ง DC วังน้อย ),PTL.723,หกล้อ
OilPTL.802,Oil,D-MAX 1.9,ขนส่งแก๊สครัวเรือน (โรงบรรจุธัญบุรี),PTL.802,รถยนต์
OilPTL.803,Oil,D-MAX 1.9,ขนส่งแก๊สครัวเรือน (โรงบรรจุธัญบุรี),PTL.803,รถยนต์
OilPTL.804,Oil,D-MAX 1.9,ขนส่งแก๊สครัวเรือน (โรงบรรจุมะขาม),PTL.804,รถยนต์
GasPTL.805,Gas,D-MAX 3.0,ขนส่งแก๊สครัวเรือน (โรงบรรจุธัญบุรี),PTL.805,รถยนต์
GasPTL.806,Gas,D-MAX 3.0,ขนส่งแก๊สครัวเรือน (โรงบรรจุสุขสวัสดิ์),PTL.806,รถยนต์
GasPTL.807,Gas,D-MAX 3.0,ขนส่งแก๊สครัวเรือน (โรงบรรจุวชิรบารมี),PTL.807,รถยนต์
GasPTL.808,Gas,D-MAX 3.0,ขนส่งแก๊สครัวเรือน (โรงบรรจุสุขสวัสดิ์),PTL.808,รถยนต์
GasPTL.809,Gas,D-MAX 3.0,ขนส่งแก๊สครัวเรือน (โรงบรรจุสุขสวัสดิ์),PTL.809,รถยนต์
GasPTL.810,Gas,D-MAX 3.0,ขนส่งแก๊สครัวเรือน (โรงบรรจุสุขสวัสดิ์),PTL.810,รถยนต์
GasPTL.811,Gas,D-MAX 3.0,ขนส่งแก๊สครัวเรือน (โรงบรรจุธัญบุรี),PTL.811,รถยนต์
GasPTL.812,Gas,D-MAX 3.0,ขนส่งแก๊สครัวเรือน (โรงบรรจุธัญบุรี),PTL.812,รถยนต์
GasPTL.813,Gas,D-MAX 3.0,ขนส่งแก๊สครัวเรือน (โรงบรรจุสุขสวัสดิ์),PTL.813,รถยนต์
GasPTL.814,Gas,D-MAX 3.0,ขนส่งแก๊สครัวเรือน (โรงบรรจุขอนแก่น)),PTL.814,รถยนต์
GasPTL.815,Gas,D-MAX 3.0,ขนส่งแก๊สครัวเรือน (โรงบรรจุสุขสวัสดิ์),PTL.815,รถยนต์
GasPTL.816,Gas,D-MAX 3.0,ขนส่งแก๊สครัวเรือน (โรงบรรจุมะขาม),PTL.816,รถยนต์
GasPTL.817,Gas,D-MAX 3.0,ขนส่งแก๊สครัวเรือน (โรงบรรจุสุขสวัสดิ์),PTL.817,รถยนต์
GasPTL.818,Gas,D-MAX 3.0,ขนส่งแก๊สครัวเรือน (โรงบรรจุสุขสวัสดิ์),PTL.818,รถยนต์
GasPTL.819,Gas,D-MAX 3.0,ขนส่งแก๊สครัวเรือน (โรงบรรจุหางดง),PTL.819,รถยนต์
GasPTL.820,Gas,D-MAX 3.0,ขนส่งแก๊สครัวเรือน (โรงบรรจุสุขสวัสดิ์),PTL.820,รถยนต์
GasPTL.821,Gas,D-MAX 3.0,ขนส่งแก๊สครัวเรือน (โรงบรรจุหางดง),PTL.821,รถยนต์
GasPTL.822,Gas,D-MAX 3.0,ขนส่งแก๊สครัวเรือน (โรงบรรจุธัญบุรี),PTL.822,รถยนต์
GasPTL.823,Gas,D-MAX 3.0,ขนส่งแก๊สครัวเรือน (โรงบรรจุมะขาม),PTL.823,รถยนต์
GasPTL.824,Gas,D-MAX 3.0,ขนส่งแก๊สครัวเรือน (โรงบรรจุวชิรบารมี),PTL.824,รถยนต์
GasPTL.825,Gas,D-MAX 3.0,ขนส่งแก๊สครัวเรือน (โรงบรรจุมะขาม),PTL.825,รถยนต์
GasPTL.826,Gas,D-MAX 3.0,ขนส่งแก๊สครัวเรือน (โรงบรรจุธัญบุรี),PTL.826,รถยนต์
GasPTL.827,Gas,D-MAX 3.0,ขนส่งแก๊สครัวเรือน (โรงบรรจุธัญบุรี),PTL.827,รถยนต์
GasPTL.828,Gas,D-MAX 3.0,ขนส่งแก๊สครัวเรือน (โรงบรรจุสุขสวัสดิ์),PTL.828,รถยนต์
GasPTL.829,Gas,D-MAX 3.0,ขนส่งแก๊สครัวเรือน (โรงบรรจุสุขสวัสดิ์),PTL.829,รถยนต์
GasPTL.830,Gas,D-MAX 3.0,ขนส่งแก๊สครัวเรือน (โรงบรรจุกบินทร์บุรี),PTL.830,รถยนต์
GasPTL.831,Gas,D-MAX 3.0,ขนส่งแก๊สครัวเรือน (โรงบรรจุธัญบุรี),PTL.831,รถยนต์
GasPTL.832,Gas,D-MAX 3.0,ขนส่งแก๊สครัวเรือน (โรงบรรจุมะขาม),PTL.832,รถยนต์
GasPTL.833,Gas,D-MAX 3.0,ขนส่งแก๊สครัวเรือน (โรงบรรจุบ้านฉาง),PTL.833,รถยนต์
GasPTL.834,Gas,D-MAX 3.0,ขนส่งแก๊สครัวเรือน (โรงบรรจุธัญบุรี),PTL.834,รถยนต์
GasPTL.835,Gas,D-MAX 3.0,ขนส่งแก๊สครัวเรือน (โรงบรรจุธัญบุรี),PTL.835,รถยนต์
GasPTL.836,Gas,D-MAX 3.0,ขนส่งแก๊สครัวเรือน (โรงบรรจุธัญบุรี),PTL.836,รถยนต์
GasPTL.837,Gas,D-MAX 3.0,ขนส่งแก๊สครัวเรือน (โรงบรรจุธัญบุรี),PTL.837,รถยนต์
GasPTL.838,Gas,D-MAX 3.0,ขนส่งแก๊สครัวเรือน (โรงบรรจุสุขสวัสดิ์),PTL.838,รถยนต์
GasPTL.839,Gas,D-MAX 3.0,ขนส่งแก๊สครัวเรือน (โรงบรรจุสุขสวัสดิ์),PTL.839,รถยนต์
GasPTL.840,Gas,D-MAX 3.0,ขนส่งแก๊สครัวเรือน (โรงบรรจุสุขสวัสดิ์),PTL.840,รถยนต์
GasPTL.841,Gas,D-MAX 3.0,ขนส่งแก๊สครัวเรือน (โรงบรรจุบ้านฉาง),PTL.841,รถยนต์
GasPTL.842,Gas,D-MAX 3.0,ขนส่งแก๊สครัวเรือน (โรงบรรจุสุขสวัสดิ์),PTL.842,รถยนต์
GasPTL.843,Gas,D-MAX 3.0,ขนส่งแก๊สครัวเรือน (โรงบรรจุสุขสวัสดิ์),PTL.843,รถยนต์
GasPTL.844,Gas,D-MAX 3.0,ขนส่งแก๊สครัวเรือน (โรงบรรจุบ้านฉาง),PTL.844,รถยนต์
GasPTL.845,Gas,D-MAX 3.0,ขนส่งแก๊สครัวเรือน (โรงบรรจุสุขสวัสดิ์),PTL.845,รถยนต์
GasPTL.846,Gas,D-MAX 3.0,ขนส่งแก๊สครัวเรือน (โรงบรรจุสุขสวัสดิ์),PTL.846,รถยนต์
GasPTL.847,Gas,D-MAX 3.0,ขนส่งแก๊สครัวเรือน (โรงบรรจุธัญบุรี),PTL.847,รถยนต์
GasPTL.848,Gas,D-MAX 3.0,ขนส่งแก๊สครัวเรือน (โรงบรรจุสุขสวัสดิ์),PTL.848,รถยนต์
GasPTL.849,Gas,NLR,ขนส่งแก๊สครัวเรือน (โรงบรรจุบ้านฉาง),PTL.849,รถบรรทุก 4 ล้อจัมโบ้
GasPTL.850,Gas,NLR,ขนส่งแก๊สครัวเรือน (โรงบรรจุบ้านฉาง),PTL.850,รถบรรทุก 4 ล้อจัมโบ้
GasPTL.851,Gas,D-MAX 3.0,ขนส่งแก๊สครัวเรือน (โรงบรรจุหางดง),PTL.851,รถยนต์
GasPTL.852,Gas,D-MAX 3.0,ขนส่งแก๊สครัวเรือน (โรงบรรจุสุขสวัสดิ์),PTL.852,รถยนต์
GasPTL.853,Gas,D-MAX 3.0,ขนส่งแก๊สครัวเรือน (โรงบรรจุสุขสวัสดิ์),PTL.853,รถยนต์
GasPTL.854,Gas,D-MAX 3.0,ขนส่งแก๊สครัวเรือน (โรงบรรจุสุขสวัสดิ์),PTL.854,รถยนต์
GasPTL.855,Gas,D-MAX 3.0,ขนส่งแก๊สครัวเรือน (โรงบรรจุธัญบุรี),PTL.855,รถยนต์
GasPTL.856,Gas,D-MAX 3.0,ขนส่งแก๊สครัวเรือน (โรงบรรจุกบินทร์บุรี),PTL.856,รถยนต์
GasPTL.857,Gas,D-MAX 3.0,ขนส่งแก๊สครัวเรือน (โรงบรรจุธัญบุรี),PTL.857,รถยนต์
GasPTL.858,Gas,D-MAX 3.0,ขนส่งแก๊สครัวเรือน (โรงบรรจุกบินทร์บุรี),PTL.858,รถยนต์
GasPTL.859,Gas,D-MAX 3.0,ขนส่งแก๊สครัวเรือน (โรงบรรจุป่าบอน),PTL.859,รถยนต์
GasPTL.860,Gas,D-MAX 3.0,ขนส่งแก๊สครัวเรือน (โรงบรรจุป่าบอน),PTL.860,รถยนต์
GasPTL.861,Gas,D-MAX 3.0,ขนส่งแก๊สครัวเรือน (โรงบรรจุป่าบอน),PTL.861,รถยนต์
GasPTL.862,Gas,D-MAX 3.0,ขนส่งแก๊สครัวเรือน (โรงบรรจุป่าบอน),PTL.862,รถยนต์
GasPTL.863,Gas,D-MAX 3.0,ขนส่งแก๊สครัวเรือน (โรงบรรจุสุขสวัสดิ์),PTL.863,รถยนต์
GasPTL.864,Gas,D-MAX 3.0,ขนส่งแก๊สครัวเรือน (โรงบรรจุสุขสวัสดิ์),PTL.864,รถยนต์
GasPTL.865,Gas,D-MAX 3.0,ขนส่งแก๊สครัวเรือน (โรงบรรจุกบินทร์บุรี),PTL.865,รถยนต์
GasPTL.866,Gas,D-MAX 3.0,ขนส่งแก๊สครัวเรือน (โรงบรรจุกบินทร์บุรี),PTL.866,รถยนต์
GasPTL.867,Gas,D-MAX 3.0,ขนส่งแก๊สครัวเรือน (โรงบรรจุกบินทร์บุรี),PTL.867,รถยนต์
GasPTL.868,Gas,FV240,ขนส่งแก๊สครัวเรือน (โรงบรรจุวชิรบารมี),PTL.868,สิบล้อ
GasPTL.869,Gas,FOTON,"แผนกขนส่งแก๊สครัวเรือน
(อะไหล่รถ)",PTL.869,รถยนต์ 4 ล้อจัมโบ้
OilPTL.870,Oil,FOTON,"แผนกขนส่งแก๊สครัวเรือน
(อะไหล่รถ)",PTL.870,รถยนต์ 4 ล้อจัมโบ้
GasPTL.871,Gas,FOTON,"แผนกขนส่งแก๊สครัวเรือน
(อะไหล่รถ)",PTL.871,รถยนต์ 4 ล้อจัมโบ้
GasPTL.872,Gas,D-MAX 3.0,ขนส่งแก๊สครัวเรือน (โรงบรรจุธัญบุรี),PTL.872,รถยนต์
GasPTL.873,Gas,D-MAX 3.0,ขนส่งแก๊สครัวเรือน (โรงบรรจุธัญบุรี),PTL.873,รถยนต์
GasPTL.874,Gas,D-MAX 3.0,ขนส่งแก๊สครัวเรือน (โรงบรรจุสุขสวัสดิ์),PTL.874,รถยนต์
GasPTL.875,Gas,D-MAX 3.0,ขนส่งแก๊สครัวเรือน (โรงบรรจุสุขสวัสดิ์),PTL.875,รถยนต์
GasPTL.876,Gas,D-MAX 3.0,ขนส่งแก๊สครัวเรือน (โรงบรรจุธัญบุรี),PTL.876,รถยนต์
GasPTL.877,Gas,FRR,ขนส่งแก๊สครัวเรือน (โรงบรรจุกบินทร์บุรี),PTL.877,หกล้อ
Other ProductsPTL.878,Other Products,FTR,ขนส่งน้ำดื่ม ( ขนส่ง DC วังน้อย ),PTL.878,หกล้อ
GasPTL.879,Gas,FC9,ขนส่งแก๊สครัวเรือน (โรงบรรจุวชิรบารมี),PTL.879,หกล้อ
GasPTL.880,Gas,D-MAX 3.0,ขนส่งแก๊สครัวเรือน (โรงบรรจุธัญบุรี),PTL.880,รถยนต์
GasPTL.881,Gas,D-MAX 3.0,ขนส่งแก๊สครัวเรือน (โรงบรรจุธัญบุรี),PTL.881,รถยนต์
GasPTL.882,Gas,D-MAX 3.0,ขนส่งแก๊สครัวเรือน (โรงบรรจุธัญบุรี),PTL.882,รถยนต์
GasPTL.883,Gas,D-MAX 3.0,ขนส่งแก๊สครัวเรือน (โรงบรรจุธัญบุรี),PTL.883,รถยนต์
GasPTL.884,Gas,D-MAX 3.0,ขนส่งแก๊สครัวเรือน (โรงบรรจุธัญบุรี),PTL.884,รถยนต์
GasPTL.885,Gas,D-MAX 3.0,ขนส่งแก๊สครัวเรือน (โรงบรรจุสุขสวัสดิ์),PTL.885,รถยนต์
GasPTL.886,Gas,D-MAX 3.0,ขนส่งแก๊สครัวเรือน (โรงบรรจุสุขสวัสดิ์),PTL.886,รถยนต์
GasPTL.887,Gas,D-MAX 3.0,ขนส่งแก๊สครัวเรือน (โรงบรรจุสุขสวัสดิ์),PTL.887,รถยนต์
GasPTL.888,Gas,D-MAX 3.0,ขนส่งแก๊สครัวเรือน (โรงบรรจุสุขสวัสดิ์),PTL.888,รถยนต์
GasPTL.889,Gas,D-MAX 3.0,ขนส่งแก๊สครัวเรือน (โรงบรรจุสุขสวัสดิ์),PTL.889,รถยนต์
GasPTL.890,Gas,D-MAX 3.0,ขนส่งแก๊สครัวเรือน (โรงบรรจุสุขสวัสดิ์),PTL.890,รถยนต์
GasPTL.891,Gas,D-MAX 3.0,ขนส่งแก๊สครัวเรือน (โรงบรรจุสุขสวัสดิ์),PTL.891,รถยนต์
GasPTL.892,Gas,D-MAX 3.0,ขนส่งแก๊สครัวเรือน (โรงบรรจุธัญบุรี),PTL.892,รถยนต์
GasPTL.893,Gas,D-MAX 3.0,ขนส่งแก๊สครัวเรือน (โรงบรรจุธัญบุรี),PTL.893,รถยนต์
GasPTL.894,Gas,D-MAX 3.0,ขนส่งแก๊สครัวเรือน (โรงบรรจุสุขสวัสดิ์),PTL.894,รถยนต์
GasPTL.895,Gas,D-MAX 3.0,ขนส่งแก๊สครัวเรือน (โรงบรรจุสุขสวัสดิ์),PTL.895,รถยนต์
GasPTL.896,Gas,D-MAX 3.0,ขนส่งแก๊สครัวเรือน (โรงบรรจุสุขสวัสดิ์),PTL.896,รถยนต์
GasPTL.897,Gas,D-MAX 3.0,ขนส่งแก๊สครัวเรือน (โรงบรรจุสุขสวัสดิ์),PTL.897,รถยนต์
GasPTL.898,Gas,D-MAX 3.0,ขนส่งแก๊สครัวเรือน (โรงบรรจุมะขาม),PTL.898,รถยนต์
GasPTL.899,Gas,D-MAX 3.0,ขนส่งแก๊สครัวเรือน (โรงบรรจุมะขาม),PTL.899,รถยนต์
PTL.900,,,,PTL.900,กึ่งพ่วง
GasPTL.901,Gas,GXZ345,แก๊สอุตสาหกรรม ลินเด้ (มาบข่า),PTL.901,หัวลาก
GasPTL.902,Gas,GXZ345,แก๊สอุตสาหกรรม ลินเด้ (มาบข่า),PTL.902,หัวลาก
GasPTL.903,Gas,GXZ345,แก๊สอุตสาหกรรม ลินเด้ (มาบข่า),PTL.903,หัวลาก
GasPTL.904,Gas,GXZ345,แก๊สอุตสาหกรรม ลินเด้ (มาบข่า),PTL.904,หัวลาก
GasPTL.905,Gas,GXZ345,แก๊สอุตสาหกรรม ลินเด้ (มาบข่า),PTL.905,หัวลาก
GasPTL.906,Gas,GXZ345,แก๊สอุตสาหกรรม ลินเด้ (มาบข่า),PTL.906,หัวลาก
GasPTL.907,Gas,GXZ345,แก๊สอุตสาหกรรม ลินเด้ (มาบข่า),PTL.907,หัวลาก
GasPTL.908,Gas,GXZ345,แก๊สอุตสาหกรรม ลินเด้ (มาบข่า),PTL.908,หัวลาก
GasPTL.909,Gas,GXZ345,แก๊สอุตสาหกรรม ลินเด้ (มาบข่า),PTL.909,หัวลาก
GasPTL.910,Gas,GXZ345,แก๊สอุตสาหกรรม ลินเด้ (มาบข่า),PTL.910,หัวลาก
GasPTL.911,Gas,GXZ345,แก๊สอุตสาหกรรม ลินเด้ (มาบข่า),PTL.911,หัวลาก
GasPTL.912,Gas,GXZ345,แก๊สอุตสาหกรรม ลินเด้ (มาบข่า),PTL.912,หัวลาก
GasPTL.913,Gas,GXZ345,แก๊สอุตสาหกรรม ลินเด้ (มาบข่า),PTL.913,หัวลาก
GasPTL.914,Gas,GXZ345,แก๊สอุตสาหกรรม ลินเด้ (มาบข่า),PTL.914,หัวลาก
GasPTL.915,Gas,GXZ345,แก๊สอุตสาหกรรม ลินเด้ (มาบข่า),PTL.915,หัวลาก
GasPTL.916,Gas,GXZ345,แก๊สอุตสาหกรรม ลินเด้ (มาบข่า),PTL.916,หัวลาก
GasPTL.917,Gas,GXZ345,แก๊สอุตสาหกรรม ลินเด้ (มาบข่า),PTL.917,หัวลาก
GasPTL.918,Gas,GXZ345,แก๊สอุตสาหกรรม ลินเด้ (มาบข่า),PTL.918,หัวลาก
GasPTL.919,Gas,GXZ345,แก๊สอุตสาหกรรม ลินเด้ (มาบข่า),PTL.919,หัวลาก
GasPTL.920,Gas,GXZ345,แก๊สอุตสาหกรรม ลินเด้ (มาบข่า),PTL.920,หัวลาก
GasPTL.921,Gas,GXZ345,แก๊สอุตสาหกรรม ลินเด้ (มาบข่า),PTL.921,หัวลาก
GasPTL.922,Gas,GXZ345,แก๊สอุตสาหกรรม ลินเด้ (มาบข่า),PTL.922,หัวลาก
GasPTL.923,Gas,GXZ345,แก๊สอุตสาหกรรม ลินเด้ (มาบข่า),PTL.923,หัวลาก
GasPTL.924,Gas,GXZ345,แก๊สอุตสาหกรรม ลินเด้ (มาบข่า),PTL.924,หัวลาก
GasPTL.925,Gas,GXZ345,แก๊สอุตสาหกรรม ลินเด้ (มาบข่า),PTL.925,หัวลาก
GasPTL.926,Gas,GXZ345,แก๊สอุตสาหกรรม ลินเด้ (มาบข่า),PTL.926,หัวลาก
GasPTL.927,Gas,GXZ345,แก๊สอุตสาหกรรม ลินเด้ (มาบข่า),PTL.927,หัวลาก
GasPTL.928,Gas,GXZ345,แก๊สอุตสาหกรรม ลินเด้ (มาบข่า),PTL.928,หัวลาก
GasPTL.929,Gas,GXZ345,แก๊สอุตสาหกรรม ลินเด้ (มาบข่า),PTL.929,หัวลาก
GasPTL.930,Gas,GXZ345,แก๊สอุตสาหกรรม ลินเด้ (มาบข่า),PTL.930,หัวลาก
GasPTL.931,Gas,UD TRUCKS,ขนส่งแก๊สอุตสาหกรรม (แอร์ ลิควิด),PTL.931,หัวลาก
GasPTL.932,Gas,UD TRUCKS,ขนส่งแก๊สอุตสาหกรรม (แอร์ ลิควิด),PTL.932,หัวลาก
GasPTL.933,Gas,UD TRUCKS,ขนส่งแก๊สอุตสาหกรรม (แอร์ ลิควิด),PTL.933,หัวลาก
GasPTL.934,Gas,UD TRUCKS,ขนส่งแก๊สอุตสาหกรรม (แอร์ ลิควิด),PTL.934,หัวลาก
GasPTL.935,Gas,UD TRUCKS,ขนส่งแก๊สอุตสาหกรรม (แอร์ ลิควิด),PTL.935,หัวลาก
GasPTL.936,Gas,NMR,ขนส่งแก๊สอุตสาหกรรม (แอร์ ลิควิด),PTL.936,หกล้อ
GasPTL.937,Gas,GXZ360,แก๊สอุตสาหกรรม ลินเด้ (ท่าลาน),PTL.937,หัวลาก
GasPTL.938,Gas,GXZ360,แก๊สอุตสาหกรรม ลินเด้ (ท่าลาน),PTL.938,หัวลาก
GasPTL.939,Gas,GXZ360,แก๊สอุตสาหกรรม ลินเด้ (ท่าลาน),PTL.939,หัวลาก
GasPTL.940,Gas,GXZ360,แก๊สอุตสาหกรรม ลินเด้ (ท่าลาน),PTL.940,หัวลาก
GasPTL.941,Gas,GXZ360,แก๊สอุตสาหกรรม ลินเด้ (ท่าลาน),PTL.941,หัวลาก
GasPTL.942,Gas,GXZ360,แก๊สอุตสาหกรรม ลินเด้ (ท่าลาน),PTL.942,หัวลาก
GasPTL.943,Gas,GXZ360,แก๊สอุตสาหกรรม ลินเด้ (ท่าลาน),PTL.943,หัวลาก
GasPTL.944,Gas,GXZ360,แก๊สอุตสาหกรรม ลินเด้ (ท่าลาน),PTL.944,หัวลาก
GasPTL.945,Gas,GXZ360,แก๊สอุตสาหกรรม ลินเด้ (ท่าลาน),PTL.945,หัวลาก
GasPTL.946,Gas,GXZ360,แก๊สอุตสาหกรรม ลินเด้ (ท่าลาน),PTL.946,หัวลาก
GasPTL.947,Gas,GXZ360,แก๊สอุตสาหกรรม ลินเด้ (ท่าลาน),PTL.947,หัวลาก
GasPTL.948,Gas,GXZ360,แก๊สอุตสาหกรรม ลินเด้ (ท่าลาน),PTL.948,หัวลาก
GasPTL.949,Gas,FM13,แก๊สอุตสาหกรรม ลินเด้ (ท่าลาน),PTL.949,หัวลาก
GasPTL.950,Gas,FM13,แก๊สอุตสาหกรรม ลินเด้ (ท่าลาน),PTL.950,หัวลาก
Other ProductsPTL.312,Other Products,GXZ360,ขนส่งแก๊สอุตสาหกรรม (ACC),PTL.312,หัวลาก
Other ProductsPTL.313,Other Products,FM13,ขนส่งแก๊สอุตสาหกรรม (ACC),PTL.313,หัวลาก
Other ProductsPTL.314,Other Products,FM13,ขนส่งแก๊สอุตสาหกรรม (ACC),PTL.314,หัวลาก
Other ProductsPTL.315,Other Products,FM13,ขนส่งแก๊สอุตสาหกรรม (ACC),PTL.315,หัวลาก
Other ProductsPTL.316,Other Products,FVM 240,ขนส่งแก๊สอุตสาหกรรม (ACC),PTL.316,สิบล้อ
Other ProductsPTL.317,Other Products,FVM 240,ขนส่งแก๊สอุตสาหกรรม (ACC),PTL.317,สิบล้อ
Other ProductsPTL.318,Other Products,FVM 240,ขนส่งแก๊สอุตสาหกรรม (ACC),PTL.318,สิบล้อ
GasPTL.960,Gas,GXZ345,แก๊สอุตสาหกรรม ลินเด้ (หาดใหญ่),PTL.960,หัวลาก
GasPTL.961,Gas,GXZ345,แก๊สอุตสาหกรรม ลินเด้ (หาดใหญ่),PTL.961,หัวลาก
GasPTL.962,Gas,GXZ345,แก๊สอุตสาหกรรม ลินเด้ (หาดใหญ่),PTL.962,หัวลาก
GasPTL.963,Gas,GXZ345,แก๊สอุตสาหกรรม ลินเด้ (บางปะอิน),PTL.963,หัวลาก
GasPTL.964,Gas,GXZ345,แก๊สอุตสาหกรรม ลินเด้ (บางปะอิน),PTL.964,หัวลาก
GasPTL.965,Gas,GXZ345,แก๊สอุตสาหกรรม ลินเด้ (บางปะอิน),PTL.965,หัวลาก
GasPTL.966,Gas,GXZ345,แก๊สอุตสาหกรรม ลินเด้ (บางปะอิน),PTL.966,หัวลาก
GasPTL.967,Gas,GXZ345,แก๊สอุตสาหกรรม ลินเด้ (บางปะอิน),PTL.967,หัวลาก
GasPTL.968,Gas,GXZ345,แก๊สอุตสาหกรรม ลินเด้ (บางปะอิน),PTL.968,หัวลาก
GasPTL.969,Gas,GXZ345,แก๊สอุตสาหกรรม ลินเด้ (บางปะอิน),PTL.969,หัวลาก
GasPTL.970,Gas,GXZ345,แก๊สอุตสาหกรรม ลินเด้ (มาบข่า),PTL.970,หัวลาก
GasPTL.971,Gas,GXZ345,แก๊สอุตสาหกรรม ลินเด้ (มาบข่า),PTL.971,หัวลาก
GasPTL.972,Gas,GXZ345,แก๊สอุตสาหกรรม ลินเด้ (มาบข่า),PTL.972,หัวลาก
GasPTL.973,Gas,GXZ345,แก๊สอุตสาหกรรม ลินเด้ (มาบข่า),PTL.973,หัวลาก
GasPTL.974,Gas,GXZ345,แก๊สอุตสาหกรรม ลินเด้ (มาบข่า),PTL.974,หัวลาก
GasPTL.975,Gas,NPR,ขนส่งแก๊สอุตสาหกรรม (แอร์ ลิควิด),PTL.975,หกล้อ
GasPTL.959,Gas,FM13,ขนส่งแก๊สอุตสาหกรรม (แอร์ ลิควิด),PTL.959,หัวลาก
Other ProductsPTL.319,Other Products,FTR,ขนส่งน้ำดื่ม ( ขนส่ง DC วังน้อย ),PTL.319,หกล้อ
Other ProductsPTL.320,Other Products,FTR,ขนส่งน้ำดื่ม ( ขนส่ง DC วังน้อย ),PTL.320,หกล้อ
Other ProductsPTL.321,Other Products,FTR,ขนส่งน้ำดื่ม ( ขนส่ง DC วังน้อย ),PTL.321,หกล้อ
Other ProductsPTL.322,Other Products,FTR,ขนส่งน้ำดื่ม ( ขนส่ง DC วังน้อย ),PTL.322,หกล้อ
Other ProductsPTL.323,Other Products,FTR,ขนส่งน้ำดื่ม ( ขนส่ง DC วังน้อย ),PTL.323,หกล้อ
Oil626,Oil,FH440,แก๊สอุตสาหกรรม ลินเด้ (มาบข่า),626,หัวลาก
Gas628,Gas,FH440,แก๊สอุตสาหกรรม ลินเด้ (มาบข่า),628,หัวลาก
Gas363,Gas,FM13,ขนส่งแก๊สครัวเรือน (โรงบรรจุแม่พริก),363,หัวลาก
GasPTL.976,Gas,D-MAX 3.0,ขนส่งแก๊สครัวเรือน (โรงบรรจุสุขสวัสดิ์),PTL.976,รถยนต์
GasPTL.977,Gas,D-MAX 3.0,ขนส่งแก๊สครัวเรือน (โรงบรรจุสุขสวัสดิ์),PTL.977,รถยนต์
GasPTL.978,Gas,D-MAX 3.0,ขนส่งแก๊สครัวเรือน (โรงบรรจุสุขสวัสดิ์),PTL.978,รถยนต์
GasPTL.979,Gas,D-MAX 3.0,ขนส่งแก๊สครัวเรือน (โรงบรรจุสุขสวัสดิ์),PTL.979,รถยนต์
GasPTL.980,Gas,D-MAX 3.0,ขนส่งแก๊สครัวเรือน (โรงบรรจุสุขสวัสดิ์),PTL.980,รถยนต์
GasPTL.981,Gas,D-MAX 3.0,ขนส่งแก๊สครัวเรือน (โรงบรรจุสุขสวัสดิ์),PTL.981,รถยนต์
GasPTL.982,Gas,D-MAX 3.0,ขนส่งแก๊สครัวเรือน (โรงบรรจุสุขสวัสดิ์),PTL.982,รถยนต์
GasPTL.983,Gas,D-MAX 3.0,ขนส่งแก๊สครัวเรือน (โรงบรรจุสุขสวัสดิ์),PTL.983,รถยนต์
GasPTL.984,Gas,D-MAX 3.0,ขนส่งแก๊สครัวเรือน (โรงบรรจุสุขสวัสดิ์),PTL.984,รถยนต์
GasPTL.985,Gas,D-MAX 3.0,ขนส่งแก๊สครัวเรือน (โรงบรรจุสุขสวัสดิ์),PTL.985,รถยนต์
GasPTL.986,Gas,D-MAX 3.0,ขนส่งแก๊สครัวเรือน (โรงบรรจุสุขสวัสดิ์),PTL.986,รถยนต์
GasPTL.987,Gas,D-MAX 3.0,ขนส่งแก๊สครัวเรือน (โรงบรรจุสุขสวัสดิ์),PTL.987,รถยนต์
GasPTL.988,Gas,D-MAX 3.0,ขนส่งแก๊สครัวเรือน (โรงบรรจุสุขสวัสดิ์),PTL.988,รถยนต์
GasPTL.990,Gas,D-MAX 3.0,ขนส่งแก๊สครัวเรือน (โรงบรรจุสุขสวัสดิ์),PTL.990,รถยนต์
GasPTL.455,Gas,FM13,ขนส่งแก๊สปิโตรเลียมบัลค์,PTL.455,หัวลาก
GasPTL.456,Gas,FM13,ขนส่งแก๊สปิโตรเลียมบัลค์,PTL.456,หัวลาก
Gas418,Gas,FM13,ขนส่งแก๊สปิโตรเลียมบัลค์,418,หัวลาก
GasPTL.991,Gas,FVM 240,แก๊สอุตสาหกรรม ลินเด้ (มาบข่า),PTL.991,สิบล้อ
GasPTL.992,Gas,FVM 240,แก๊สอุตสาหกรรม ลินเด้ (มาบข่า),PTL.992,สิบล้อ
GasPTL.993,Gas,FVM 240,แก๊สอุตสาหกรรม ลินเด้ (มาบข่า),PTL.993,สิบล้อ
